<metadata xml:lang="es"><Esri><CreaDate>20210826</CreaDate><CreaTime>12160800</CreaTime><ArcGISFormat>1.0</ArcGISFormat><SyncOnce>FALSE</SyncOnce><DataProperties><itemProps><itemName Sync="TRUE">ESTRUCTURA_VIAL_SECUNDARIA_CAB_CANT</itemName><imsContentType Sync="TRUE">002</imsContentType><itemLocation><linkage Sync="TRUE">file://\\RICDEFJO\E\PDOT GYE PUGS\00 - PUGS PARA GEOPORTAL\CAPAS PARA SOT\ESTRUCTURA_VIAL_SECUNDARIA_CAB_CANT.shp</linkage><protocol Sync="TRUE">Local Area Network</protocol></itemLocation><itemSize Sync="TRUE">0.000</itemSize></itemProps><coordRef><type Sync="TRUE">Projected</type><geogcsn Sync="TRUE">GCS_WGS_1984</geogcsn><csUnits Sync="TRUE">Linear Unit: Meter (1.000000)</csUnits><projcsn Sync="TRUE">WGS_1984_UTM_Zone_17S</projcsn><peXml Sync="TRUE">&lt;ProjectedCoordinateSystem xsi:type='typens:ProjectedCoordinateSystem' xmlns:xsi='http://www.w3.org/2001/XMLSchema-instance' xmlns:xs='http://www.w3.org/2001/XMLSchema' xmlns:typens='http://www.esri.com/schemas/ArcGIS/10.5'&gt;&lt;WKT&gt;PROJCS[&amp;quot;WGS_1984_UTM_Zone_17S&amp;quot;,GEOGCS[&amp;quot;GCS_WGS_1984&amp;quot;,DATUM[&amp;quot;D_WGS_1984&amp;quot;,SPHEROID[&amp;quot;WGS_1984&amp;quot;,6378137.0,298.257223563]],PRIMEM[&amp;quot;Greenwich&amp;quot;,0.0],UNIT[&amp;quot;Degree&amp;quot;,0.0174532925199433]],PROJECTION[&amp;quot;Transverse_Mercator&amp;quot;],PARAMETER[&amp;quot;False_Easting&amp;quot;,500000.0],PARAMETER[&amp;quot;False_Northing&amp;quot;,10000000.0],PARAMETER[&amp;quot;Central_Meridian&amp;quot;,-81.0],PARAMETER[&amp;quot;Scale_Factor&amp;quot;,0.9996],PARAMETER[&amp;quot;Latitude_Of_Origin&amp;quot;,0.0],UNIT[&amp;quot;Meter&amp;quot;,1.0],AUTHORITY[&amp;quot;EPSG&amp;quot;,32717]]&lt;/WKT&gt;&lt;XOrigin&gt;-5120900&lt;/XOrigin&gt;&lt;YOrigin&gt;1900&lt;/YOrigin&gt;&lt;XYScale&gt;450445547.3910538&lt;/XYScale&gt;&lt;ZOrigin&gt;-100000&lt;/ZOrigin&gt;&lt;ZScale&gt;10000&lt;/ZScale&gt;&lt;MOrigin&gt;-100000&lt;/MOrigin&gt;&lt;MScale&gt;10000&lt;/MScale&gt;&lt;XYTolerance&gt;0.001&lt;/XYTolerance&gt;&lt;ZTolerance&gt;0.001&lt;/ZTolerance&gt;&lt;MTolerance&gt;0.001&lt;/MTolerance&gt;&lt;HighPrecision&gt;true&lt;/HighPrecision&gt;&lt;WKID&gt;32717&lt;/WKID&gt;&lt;LatestWKID&gt;32717&lt;/LatestWKID&gt;&lt;/ProjectedCoordinateSystem&gt;</peXml></coordRef><lineage><Process ToolSource="c:\program files (x86)\arcgis\desktop10.5\ArcToolbox\Toolboxes\Data Management Tools.tbx\CopyFeatures" Date="20180326" Time="162710">CopyFeatures Estructura_Vial_Area_Urbana "Database Connections\sde@catastroguayaquil.sde\CATASTROGUAYAQUIL.SDE.ORDENAMIENTO\CATASTROGUAYAQUIL.SDE.Estructura_Vial_Area_Urbana" # 0 0 0</Process><Process ToolSource="c:\program files (x86)\arcgis\desktop10.5\ArcToolbox\Toolboxes\Data Management Tools.tbx\CopyFeatures" Date="20200304" Time="104459">CopyFeatures "e:\marvenvt\Desktop\CARPETA BASE TRABAJO PDOT Y PUGS\SHP\GUAYAQUIL\ESTRUCTURA_VIAL.shp" "e:\marvenvt\Desktop\CARPETA BASE TRABAJO PDOT Y PUGS\SHP\GUAYAQUIL\GUAYAQUIL.gdb\ESTRUCTURA_VIAL" # 0 0 0</Process><Process ToolSource="c:\program files (x86)\arcgis\desktop10.5\ArcToolbox\Toolboxes\Data Management Tools.tbx\CalculateField" Date="20200624" Time="152231">CalculateField "ESTRUCTURA VIAL" DER_MIN [RED_VIAL] VB #</Process><Process ToolSource="c:\program files (x86)\arcgis\desktop10.5\ArcToolbox\Toolboxes\Data Management Tools.tbx\CalculateField" Date="20200624" Time="152303">CalculateField "ESTRUCTURA VIAL" DER_MIN [RED_VIAL] VB #</Process><Process ToolSource="c:\program files (x86)\arcgis\desktop10.5\ArcToolbox\Toolboxes\Data Management Tools.tbx\CalculateField" Date="20200624" Time="152346">CalculateField "ESTRUCTURA VIAL" DER_MIN [RED_VIAL] VB #</Process><Process ToolSource="c:\program files (x86)\arcgis\desktop10.5\ArcToolbox\Toolboxes\Data Management Tools.tbx\CalculateField" Date="20200624" Time="152453">CalculateField "ESTRUCTURA VIAL" DER_MIN [RED_VIAL] VB #</Process><Process ToolSource="c:\program files (x86)\arcgis\desktop10.5\ArcToolbox\Toolboxes\Data Management Tools.tbx\CalculateField" Date="20200624" Time="152530">CalculateField "ESTRUCTURA VIAL" DER_MAX [RED_VIAL] VB #</Process><Process ToolSource="c:\program files (x86)\arcgis\desktop10.5\ArcToolbox\Toolboxes\Data Management Tools.tbx\CalculateField" Date="20200709" Time="105552">CalculateField ESTRUCTURA_9-7-2020 SUBCLASIFI [CATEGORIA] VB #</Process><Process ToolSource="c:\program files (x86)\arcgis\desktop10.5\ArcToolbox\Toolboxes\Data Management Tools.tbx\CopyFeatures" Date="20201211" Time="150728">CopyFeatures "H:\00 - RECLASIFICACIÓN DE VIAS\VIAS - SHP\ESTRUCTURA_VIAL.shp" "H:\00 - RECLASIFICACIÓN DE VIAS\VIAS - SHP\RECLASIFICACION_VIAS.gdb\ESTRUCTURA_VIAL\ESTRUCTURA_VIAL_1" # 0 0 0</Process><Process ToolSource="c:\program files (x86)\arcgis\desktop10.7\ArcToolbox\Toolboxes\Data Management Tools.tbx\CalculateField" Date="20201212" Time="214226">CalculateField ESTRUCTURA_VIAL_1 DISTRITOS "OESTE" VB #</Process><Process ToolSource="c:\program files (x86)\arcgis\desktop10.7\ArcToolbox\Toolboxes\Data Management Tools.tbx\CalculateField" Date="20201213" Time="145902">CalculateField ESTRUCTURA_VIAL_1 CUMP_LINEAM 2 VB #</Process><Process ToolSource="c:\program files (x86)\arcgis\desktop10.7\ArcToolbox\Toolboxes\Data Management Tools.tbx\CalculateField" Date="20201213" Time="211726">CalculateField ESTRUCTURA_VIAL_1 CUMP_LINEAM 2 VB #</Process><Process ToolSource="c:\program files (x86)\arcgis\desktop10.7\ArcToolbox\Toolboxes\Data Management Tools.tbx\CalculateField" Date="20201214" Time="035541">CalculateField ESTRUCTURA_VIAL_1 DISTRITOS "CENTRO NORTE II" VB #</Process><Process ToolSource="c:\program files (x86)\arcgis\desktop10.7\ArcToolbox\Toolboxes\Data Management Tools.tbx\CalculateField" Date="20201214" Time="203103">CalculateField ESTRUCTURA_VIAL_1 DISTRITOS "CENTRO" VB #</Process><Process ToolSource="c:\program files (x86)\arcgis\desktop10.5\ArcToolbox\Toolboxes\Data Management Tools.tbx\CalculateField" Date="20210511" Time="171458">CalculateField RECLASIFICACION_DE_LA_ESTRUCTURA_VIAL CLASIFIC_1 [CLASIFICAC] VB #</Process></lineage><copyHistory><copy source="C:\Users\Toshiba\Desktop\ORDENAMIENTO TERRITORIAL\RECLASIFICACION DE VIAS\PLANO GENERAL DE RECLASIFICACION VIAL\SHA FINAL\RECLASIFICACION_DE_LA_ESTRUCTURA_VIAL" dest="\\TOSHIBA-PC\C$\Users\Toshiba\Desktop\ORDENAMIENTO TERRITORIAL\RECLASIFICACION DE VIAS\PLANO DE ESTRUCTURA VIAL DE LA CIUDAD DE GUAYAQUIL\NUEVO RECLASIFICACION DE VIAL DE GUAYAQUIL\commondata\sha_final\RECLASIFICACION_DE_LA_ESTRUCTURA_VIAL" date="20210615" time="17454800"></copy></copyHistory></DataProperties><SyncDate>20211018</SyncDate><SyncTime>12474500</SyncTime><ModDate>20211018</ModDate><ModTime>12474500</ModTime></Esri><dataIdInfo><envirDesc Sync="TRUE"> Version 6.2 (Build 9200) ; Esri ArcGIS 10.5.0.6491</envirDesc><dataLang><languageCode value="spa" Sync="TRUE"/><countryCode value="ECU" Sync="TRUE"/></dataLang><idCitation><resTitle Sync="TRUE">ESTRUCTURA_VIAL_SECUNDARIA_CAB_CANT</resTitle><presForm><PresFormCd value="005" Sync="TRUE"/></presForm></idCitation><spatRpType><SpatRepTypCd value="001" Sync="TRUE"/></spatRpType></dataIdInfo><mdLang><languageCode value="spa" Sync="TRUE"/><countryCode value="ECU" Sync="TRUE"/></mdLang><distInfo><distFormat><formatName Sync="TRUE">Shapefile</formatName></distFormat><distTranOps><transSize Sync="TRUE">0.000</transSize></distTranOps></distInfo><mdHrLv><ScopeCd value="005" Sync="TRUE"/></mdHrLv><mdHrLvName Sync="TRUE">dataset</mdHrLvName><refSysInfo><RefSystem><refSysID><identCode code="32717" Sync="TRUE"/><idCodeSpace Sync="TRUE">EPSG</idCodeSpace><idVersion Sync="TRUE">2.1(3.0.1)</idVersion></refSysID></RefSystem></refSysInfo><spatRepInfo><VectSpatRep><geometObjs Name="ESTRUCTURA_VIAL_SECUNDARIA_CAB_CANT"><geoObjTyp><GeoObjTypCd value="002" Sync="TRUE"></GeoObjTypCd></geoObjTyp><geoObjCnt Sync="TRUE">0</geoObjCnt></geometObjs><topLvl><TopoLevCd value="001" Sync="TRUE"></TopoLevCd></topLvl></VectSpatRep></spatRepInfo><spdoinfo><ptvctinf><esriterm Name="ESTRUCTURA_VIAL_SECUNDARIA_CAB_CANT"><efeatyp Sync="TRUE">Simple</efeatyp><efeageom code="3" Sync="TRUE"></efeageom><esritopo Sync="TRUE">FALSE</esritopo><efeacnt Sync="TRUE">0</efeacnt><spindex Sync="TRUE">FALSE</spindex><linrefer Sync="TRUE">FALSE</linrefer></esriterm></ptvctinf></spdoinfo><eainfo><detailed Name="ESTRUCTURA_VIAL_SECUNDARIA_CAB_CANT"><enttyp><enttypl Sync="TRUE">ESTRUCTURA_VIAL_SECUNDARIA_CAB_CANT</enttypl><enttypt Sync="TRUE">Feature Class</enttypt><enttypc Sync="TRUE">0</enttypc></enttyp><attr><attrlabl Sync="TRUE">SHAPE</attrlabl><attalias Sync="TRUE">Shape</attalias><attrtype Sync="TRUE">Geometry</attrtype><attwidth Sync="TRUE">0</attwidth><atprecis Sync="TRUE">0</atprecis><attscale Sync="TRUE">0</attscale><attrdef Sync="TRUE">Feature geometry.</attrdef><attrdefs Sync="TRUE">Esri</attrdefs><attrdomv><udom Sync="TRUE">Coordinates defining the features.</udom></attrdomv></attr><subtype><stname Sync="TRUE">V2 Vía Expresa Propuesta (70-90)</stname><stcode Sync="TRUE">5</stcode></subtype><subtype><stname Sync="TRUE">Calles</stname><stcode Sync="TRUE">18</stcode></subtype><subtype><stname Sync="TRUE">CSF Coletora Según Función Propuesta</stname><stcode Sync="TRUE">20</stcode></subtype><subtype><stname Sync="TRUE">Distribuidor de Tráfico Propuesto</stname><stcode Sync="TRUE">21</stcode></subtype><subtype><stname Sync="TRUE">Puente Vehicular Existente </stname><stcode Sync="TRUE">22</stcode></subtype><subtype><stname Sync="TRUE">Puente Vehicular Propuesto</stname><stcode Sync="TRUE">23</stcode></subtype><subtype><stname Sync="TRUE">CSF Colectora Según Función</stname><stcode Sync="TRUE">16</stcode></subtype><subtype><stname Sync="TRUE">Distribuidor de Tráfico Existente</stname><stcode Sync="TRUE">19</stcode></subtype><subtype><stname Sync="TRUE">V1 Autopista Existente (90-100)</stname><stcode Sync="TRUE">1</stcode></subtype><subtype><stname Sync="TRUE">V2 Vía Expresa Existente (70-90)</stname><stcode Sync="TRUE">6</stcode></subtype><subtype><stname Sync="TRUE">V3 Vía Arterial Propuesta (30-70)</stname><stcode Sync="TRUE">7</stcode></subtype><subtype><stname Sync="TRUE">V3 Vía Arterial Existente (30-70)</stname><stcode Sync="TRUE">8</stcode></subtype><subtype><stname Sync="TRUE">V4 Vía Colectora Propuesta (25-30) </stname><stcode Sync="TRUE">9</stcode></subtype><subtype><stname Sync="TRUE">V4 Vía Colectora Existente (25-30) </stname><stcode Sync="TRUE">10</stcode></subtype><subtype><stname Sync="TRUE">V5 Vía Colectora Propuesta (15-30) </stname><stcode Sync="TRUE">11</stcode></subtype><subtype><stname Sync="TRUE">V5 Vías Colectora Existente (15-30)</stname><stcode Sync="TRUE">12</stcode></subtype><subtype><stname Sync="TRUE">V6 Vía Local de Acceso a Zonas Residensiales Propuestas</stname><stcode Sync="TRUE">13</stcode></subtype><subtype><stname Sync="TRUE">V6 Vía Local de Acceso a Zonas Residensiales Existente</stname><stcode Sync="TRUE">14</stcode></subtype><subtype><stname Sync="TRUE">V7 Vía Peatonal</stname><stcode Sync="TRUE">15</stcode></subtype><subtype><stname Sync="TRUE">Camino Existente</stname><stcode Sync="TRUE">24</stcode></subtype><subtype><stname Sync="TRUE">V1 Vía Propuesta a Mediano y Largo Plazo </stname><stcode Sync="TRUE">3</stcode></subtype><subtype><stname Sync="TRUE">V3 Vías Propuestas a Mediano y Largo Plazo</stname><stcode Sync="TRUE">4</stcode></subtype><subtype><stname Sync="TRUE">VT Rutas Troncales de Transporte</stname><stcode Sync="TRUE">25</stcode></subtype><subtype><stname Sync="TRUE">Puente existente</stname><stcode Sync="TRUE">26</stcode></subtype><attr><attrlabl Sync="TRUE">OBJECTID_1</attrlabl><attalias Sync="TRUE">OBJECTID_1</attalias><attrtype Sync="TRUE">Integer</attrtype><attwidth Sync="TRUE">10</attwidth><atprecis Sync="TRUE">10</atprecis><attscale Sync="TRUE">0</attscale><attrdef Sync="TRUE">Internal feature number.</attrdef><attrdefs Sync="TRUE">Esri</attrdefs><attrdomv><udom Sync="TRUE">Sequential unique whole numbers that are automatically generated.</udom></attrdomv></attr><attr><attrlabl Sync="TRUE">FID</attrlabl><attalias Sync="TRUE">FID</attalias><attrtype Sync="TRUE">OID</attrtype><attwidth Sync="TRUE">4</attwidth><atprecis Sync="TRUE">0</atprecis><attscale Sync="TRUE">0</attscale><attrdef Sync="TRUE">Internal feature number.</attrdef><attrdefs Sync="TRUE">Esri</attrdefs><attrdomv><udom Sync="TRUE">Sequential unique whole numbers that are automatically generated.</udom></attrdomv></attr><subtype><stname Sync="TRUE">Rotonda</stname><stcode Sync="TRUE">27</stcode></subtype><subtype><stname Sync="TRUE">V1 Autopista Propuesta (90-100)</stname><stcode Sync="TRUE">2</stcode></subtype><attr><attrlabl Sync="TRUE">PUBLICACIO</attrlabl><attalias Sync="TRUE">PUBLICACIO</attalias><attrtype Sync="TRUE">String</attrtype><attwidth Sync="TRUE">254</attwidth><atprecis Sync="TRUE">0</atprecis><attscale Sync="TRUE">0</attscale></attr><attr><attrlabl Sync="TRUE">Shape_Leng</attrlabl><attalias Sync="TRUE">Shape_Leng</attalias><attrtype Sync="TRUE">Double</attrtype><attwidth Sync="TRUE">19</attwidth><atprecis Sync="TRUE">0</atprecis><attscale Sync="TRUE">0</attscale></attr><attr><attrlabl Sync="TRUE">DER_MIN</attrlabl><attalias Sync="TRUE">DER_MIN</attalias><attrtype Sync="TRUE">String</attrtype><attwidth Sync="TRUE">254</attwidth><atprecis Sync="TRUE">0</atprecis><attscale Sync="TRUE">0</attscale></attr><attr><attrlabl Sync="TRUE">DER_MAX</attrlabl><attalias Sync="TRUE">DER_MAX</attalias><attrtype Sync="TRUE">String</attrtype><attwidth Sync="TRUE">254</attwidth><atprecis Sync="TRUE">0</atprecis><attscale Sync="TRUE">0</attscale></attr><attr><attrlabl Sync="TRUE">CLASIFICAC</attrlabl><attalias Sync="TRUE">CLASIFICAC</attalias><attrtype Sync="TRUE">String</attrtype><attwidth Sync="TRUE">254</attwidth><atprecis Sync="TRUE">0</atprecis><attscale Sync="TRUE">0</attscale></attr><attr><attrlabl Sync="TRUE">SUBCLASIFI</attrlabl><attalias Sync="TRUE">SUBCLASIFI</attalias><attrtype Sync="TRUE">String</attrtype><attwidth Sync="TRUE">254</attwidth><atprecis Sync="TRUE">0</atprecis><attscale Sync="TRUE">0</attscale></attr><attr><attrlabl Sync="TRUE">N_CARRILES</attrlabl><attalias Sync="TRUE">N_CARRILES</attalias><attrtype Sync="TRUE">Integer</attrtype><attwidth Sync="TRUE">10</attwidth><atprecis Sync="TRUE">10</atprecis><attscale Sync="TRUE">0</attscale></attr><attr><attrlabl Sync="TRUE">C_CICLOVIA</attrlabl><attalias Sync="TRUE">C_CICLOVIA</attalias><attrtype Sync="TRUE">Integer</attrtype><attwidth Sync="TRUE">10</attwidth><atprecis Sync="TRUE">10</atprecis><attscale Sync="TRUE">0</attscale></attr><attr><attrlabl Sync="TRUE">CUMP_LINEA</attrlabl><attalias Sync="TRUE">CUMP_LINEA</attalias><attrtype Sync="TRUE">Integer</attrtype><attwidth Sync="TRUE">10</attwidth><atprecis Sync="TRUE">10</atprecis><attscale Sync="TRUE">0</attscale></attr><attr><attrlabl Sync="TRUE">ANCH_ACERA</attrlabl><attalias Sync="TRUE">ANCH_ACERA</attalias><attrtype Sync="TRUE">Integer</attrtype><attwidth Sync="TRUE">10</attwidth><atprecis Sync="TRUE">10</atprecis><attscale Sync="TRUE">0</attscale></attr><attr><attrlabl Sync="TRUE">NOMEN_ALFA</attrlabl><attalias Sync="TRUE">NOMEN_ALFA</attalias><attrtype Sync="TRUE">String</attrtype><attwidth Sync="TRUE">50</attwidth><atprecis Sync="TRUE">0</atprecis><attscale Sync="TRUE">0</attscale></attr><attr><attrlabl Sync="TRUE">DENOMINACI</attrlabl><attalias Sync="TRUE">DENOMINACI</attalias><attrtype Sync="TRUE">String</attrtype><attwidth Sync="TRUE">50</attwidth><atprecis Sync="TRUE">0</atprecis><attscale Sync="TRUE">0</attscale></attr><attr><attrlabl Sync="TRUE">DISTRITOS</attrlabl><attalias Sync="TRUE">DISTRITOS</attalias><attrtype Sync="TRUE">String</attrtype><attwidth Sync="TRUE">15</attwidth><atprecis Sync="TRUE">0</atprecis><attscale Sync="TRUE">0</attscale></attr><attr><attrlabl Sync="TRUE">km</attrlabl><attalias Sync="TRUE">km</attalias><attrtype Sync="TRUE">Double</attrtype><attwidth Sync="TRUE">19</attwidth><atprecis Sync="TRUE">0</atprecis><attscale Sync="TRUE">0</attscale></attr><attr><attrlabl Sync="TRUE">CONECTIVID</attrlabl><attalias Sync="TRUE">CONECTIVID</attalias><attrtype Sync="TRUE">String</attrtype><attwidth Sync="TRUE">254</attwidth><atprecis Sync="TRUE">0</atprecis><attscale Sync="TRUE">0</attscale></attr><attr><attrlabl Sync="TRUE">FUNCIÓN</attrlabl><attalias Sync="TRUE">FUNCIÓN</attalias><attrtype Sync="TRUE">String</attrtype><attwidth Sync="TRUE">254</attwidth><atprecis Sync="TRUE">0</atprecis><attscale Sync="TRUE">0</attscale></attr><attr><attrlabl Sync="TRUE">VELOCIDAD</attrlabl><attalias Sync="TRUE">VELOCIDAD</attalias><attrtype Sync="TRUE">String</attrtype><attwidth Sync="TRUE">254</attwidth><atprecis Sync="TRUE">0</atprecis><attscale Sync="TRUE">0</attscale></attr><attr><attrlabl Sync="TRUE">VELO_MINIM</attrlabl><attalias Sync="TRUE">VELO_MINIM</attalias><attrtype Sync="TRUE">String</attrtype><attwidth Sync="TRUE">254</attwidth><atprecis Sync="TRUE">0</atprecis><attscale Sync="TRUE">0</attscale></attr><attr><attrlabl Sync="TRUE">CLASIFIC_1</attrlabl><attalias Sync="TRUE">CLASIFIC_1</attalias><attrtype Sync="TRUE">String</attrtype><attwidth Sync="TRUE">254</attwidth><atprecis Sync="TRUE">0</atprecis><attscale Sync="TRUE">0</attscale></attr><attr><attrlabl Sync="TRUE">SECCION_DE</attrlabl><attalias Sync="TRUE">SECCION_DE</attalias><attrtype Sync="TRUE">String</attrtype><attwidth Sync="TRUE">254</attwidth><atprecis Sync="TRUE">0</atprecis><attscale Sync="TRUE">0</attscale></attr><attr><attrlabl Sync="TRUE">km_1</attrlabl><attalias Sync="TRUE">km_1</attalias><attrtype Sync="TRUE">Double</attrtype><attwidth Sync="TRUE">19</attwidth><atprecis Sync="TRUE">0</atprecis><attscale Sync="TRUE">0</attscale></attr><attr><attrlabl Sync="TRUE">Shape_Le_1</attrlabl><attalias Sync="TRUE">Shape_Le_1</attalias><attrtype Sync="TRUE">Double</attrtype><attwidth Sync="TRUE">19</attwidth><atprecis Sync="TRUE">0</atprecis><attscale Sync="TRUE">0</attscale></attr></detailed></eainfo><mdDateSt Sync="TRUE">20211018</mdDateSt></metadata>
