<metadata xml:lang="es"><Esri><CreaDate>20210827</CreaDate><CreaTime>10593900</CreaTime><ArcGISFormat>1.0</ArcGISFormat><SyncOnce>FALSE</SyncOnce><DataProperties><itemProps><itemName Sync="TRUE">ESTRUCTURA_VIAL_SECUNDARIA_CAB_PARR_RURALES</itemName><imsContentType Sync="TRUE">002</imsContentType><itemLocation><linkage Sync="TRUE">file://\\RICDEFJO\E\PDOT GYE PUGS\00 - PUGS PARA GEOPORTAL\CAPAS PARA SOT\ESTRUCTURA_VIAL_SECUNDARIA_CAB_PARR_RURALES.shp</linkage><protocol Sync="TRUE">Local Area Network</protocol></itemLocation><itemSize Sync="TRUE">0.000</itemSize></itemProps><coordRef><type Sync="TRUE">Projected</type><geogcsn Sync="TRUE">GCS_WGS_1984</geogcsn><csUnits Sync="TRUE">Linear Unit: Meter (1.000000)</csUnits><projcsn Sync="TRUE">WGS_1984_UTM_Zone_17S</projcsn><peXml Sync="TRUE">&lt;ProjectedCoordinateSystem xsi:type='typens:ProjectedCoordinateSystem' xmlns:xsi='http://www.w3.org/2001/XMLSchema-instance' xmlns:xs='http://www.w3.org/2001/XMLSchema' xmlns:typens='http://www.esri.com/schemas/ArcGIS/10.5'&gt;&lt;WKT&gt;PROJCS[&amp;quot;WGS_1984_UTM_Zone_17S&amp;quot;,GEOGCS[&amp;quot;GCS_WGS_1984&amp;quot;,DATUM[&amp;quot;D_WGS_1984&amp;quot;,SPHEROID[&amp;quot;WGS_1984&amp;quot;,6378137.0,298.257223563]],PRIMEM[&amp;quot;Greenwich&amp;quot;,0.0],UNIT[&amp;quot;Degree&amp;quot;,0.0174532925199433]],PROJECTION[&amp;quot;Transverse_Mercator&amp;quot;],PARAMETER[&amp;quot;False_Easting&amp;quot;,500000.0],PARAMETER[&amp;quot;False_Northing&amp;quot;,10000000.0],PARAMETER[&amp;quot;Central_Meridian&amp;quot;,-81.0],PARAMETER[&amp;quot;Scale_Factor&amp;quot;,0.9996],PARAMETER[&amp;quot;Latitude_Of_Origin&amp;quot;,0.0],UNIT[&amp;quot;Meter&amp;quot;,1.0],AUTHORITY[&amp;quot;EPSG&amp;quot;,32717]]&lt;/WKT&gt;&lt;XOrigin&gt;-5120900&lt;/XOrigin&gt;&lt;YOrigin&gt;1900&lt;/YOrigin&gt;&lt;XYScale&gt;450445547.3910538&lt;/XYScale&gt;&lt;ZOrigin&gt;-100000&lt;/ZOrigin&gt;&lt;ZScale&gt;10000&lt;/ZScale&gt;&lt;MOrigin&gt;-100000&lt;/MOrigin&gt;&lt;MScale&gt;10000&lt;/MScale&gt;&lt;XYTolerance&gt;0.001&lt;/XYTolerance&gt;&lt;ZTolerance&gt;0.001&lt;/ZTolerance&gt;&lt;MTolerance&gt;0.001&lt;/MTolerance&gt;&lt;HighPrecision&gt;true&lt;/HighPrecision&gt;&lt;WKID&gt;32717&lt;/WKID&gt;&lt;LatestWKID&gt;32717&lt;/LatestWKID&gt;&lt;/ProjectedCoordinateSystem&gt;</peXml></coordRef><lineage><Process ToolSource="c:\program files (x86)\arcgis\desktop10.5\ArcToolbox\Toolboxes\Conversion Tools.tbx\FeatureClassToFeatureClass" Date="20180224" Time="142334">FeatureClassToFeatureClass EstructuraVial "Database Connections\CatastroGuayaquil@sde.sde\CATASTROGUAYAQUIL.SDE.ORDENAMIENTO_TERRITORIAL" Estructura_Vial # "PARROQUIA "Parroquia" true true false 50 Text 0 0 ,First,#,EstructuraVial,PARROQUIA,-1,-1;TipoVía "Tipo de vía" true true false 2 Short 0 0 ,First,#,EstructuraVial,TipoVía,-1,-1;SHAPE_Length "Longitud" false true true 8 Double 0 0 ,First,#,EstructuraVial,SHAPE_Length,-1,-1" #</Process><Process ToolSource="c:\program files (x86)\arcgis\desktop10.5\ArcToolbox\Toolboxes\Data Management Tools.tbx\CopyFeatures" Date="20180326" Time="162833">CopyFeatures Estructura_Vial_Parroquia_Rural "Database Connections\sde@catastroguayaquil.sde\CATASTROGUAYAQUIL.SDE.ORDENAMIENTO\CATASTROGUAYAQUIL.SDE.Estructura_Vial_Parroquia_Rural" # 0 0 0</Process><Process ToolSource="c:\program files (x86)\arcgis\desktop10.5\ArcToolbox\Toolboxes\Data Management Tools.tbx\DeleteField" Date="20180326" Time="222633">DeleteField Estructura_Vial_Parroquia_Rural created_user;created_date;last_edited_user;last_edited_date</Process></lineage><copyHistory><copy source="F:\00.EVELYN MITE\VIAL\MODIFICACIÓN DE PLANOS BASE DE ESTRUCTURA VIAL\RECLASIFICACIÓN DE LA ESTRUCTURA VIAL\RECLASIFICACIÓN DE LAS CABECERAS PARROQUIALES\SHAF\estructura vial v3 de las cabeceras parroquiales\ESTRUCTURA_VIAL_V3" dest="\\FERLOPAP\F$\00. PDOT _ PUGS\MPK FINALES\51.1.ESTRUCTURA VIAL DE LA CABECERAS PARROQUIALES_27_8_2021_FINAL\commondata\estructura_vial_v3_de_las_cabeceras_parroquiales\ESTRUCTURA_VIAL_V3" date="20210827" time="10593900"></copy></copyHistory></DataProperties><SyncDate>20211018</SyncDate><SyncTime>12475500</SyncTime><ModDate>20211018</ModDate><ModTime>12475500</ModTime></Esri><dataIdInfo><envirDesc Sync="TRUE"> Version 6.2 (Build 9200) ; Esri ArcGIS 10.5.0.6491</envirDesc><dataLang><languageCode value="spa" Sync="TRUE"/><countryCode value="ECU" Sync="TRUE"/></dataLang><idCitation><resTitle Sync="TRUE">ESTRUCTURA_VIAL_SECUNDARIA_CAB_PARR_RURALES</resTitle><presForm><PresFormCd value="005" Sync="TRUE"/></presForm></idCitation><spatRpType><SpatRepTypCd value="001" Sync="TRUE"/></spatRpType></dataIdInfo><mdLang><languageCode value="spa" Sync="TRUE"/><countryCode value="ECU" Sync="TRUE"/></mdLang><distInfo><distFormat><formatName Sync="TRUE">Shapefile</formatName></distFormat><distTranOps><transSize Sync="TRUE">0.000</transSize></distTranOps></distInfo><mdHrLv><ScopeCd value="005" Sync="TRUE"/></mdHrLv><mdHrLvName Sync="TRUE">dataset</mdHrLvName><refSysInfo><RefSystem><refSysID><identCode code="32717" Sync="TRUE"/><idCodeSpace Sync="TRUE">EPSG</idCodeSpace><idVersion Sync="TRUE">2.1(3.0.1)</idVersion></refSysID></RefSystem></refSysInfo><spatRepInfo><VectSpatRep><geometObjs Name="ESTRUCTURA_VIAL_SECUNDARIA_CAB_PARR_RURALES"><geoObjTyp><GeoObjTypCd value="002" Sync="TRUE"></GeoObjTypCd></geoObjTyp><geoObjCnt Sync="TRUE">0</geoObjCnt></geometObjs><topLvl><TopoLevCd value="001" Sync="TRUE"></TopoLevCd></topLvl></VectSpatRep></spatRepInfo><spdoinfo><ptvctinf><esriterm Name="ESTRUCTURA_VIAL_SECUNDARIA_CAB_PARR_RURALES"><efeatyp Sync="TRUE">Simple</efeatyp><efeageom code="3" Sync="TRUE"></efeageom><esritopo Sync="TRUE">FALSE</esritopo><efeacnt Sync="TRUE">0</efeacnt><spindex Sync="TRUE">FALSE</spindex><linrefer Sync="TRUE">FALSE</linrefer></esriterm></ptvctinf></spdoinfo><eainfo><detailed Name="ESTRUCTURA_VIAL_SECUNDARIA_CAB_PARR_RURALES"><enttyp><enttypl Sync="TRUE">ESTRUCTURA_VIAL_SECUNDARIA_CAB_PARR_RURALES</enttypl><enttypt Sync="TRUE">Feature Class</enttypt><enttypc Sync="TRUE">0</enttypc></enttyp><attr><attrlabl Sync="TRUE">OBJECTID</attrlabl><attalias Sync="TRUE">OBJECTID</attalias><attrtype Sync="TRUE">Integer</attrtype><attwidth Sync="TRUE">10</attwidth><atprecis Sync="TRUE">10</atprecis><attscale Sync="TRUE">0</attscale><attrdef Sync="TRUE">Internal feature number.</attrdef><attrdefs Sync="TRUE">Esri</attrdefs><attrdomv><udom Sync="TRUE">Sequential unique whole numbers that are automatically generated.</udom></attrdomv></attr><attr><attrlabl Sync="TRUE">PARROQUIA</attrlabl><attalias Sync="TRUE">PARROQUIA</attalias><attrtype Sync="TRUE">String</attrtype><attwidth Sync="TRUE">50</attwidth><atprecis Sync="TRUE">0</atprecis><attscale Sync="TRUE">0</attscale></attr><attr><attrlabl Sync="TRUE">TipoVía</attrlabl><attalias Sync="TRUE">TipoVía</attalias><attrtype Sync="TRUE">Integer</attrtype><attwidth Sync="TRUE">10</attwidth><atprecis Sync="TRUE">10</atprecis><attscale Sync="TRUE">0</attscale></attr><attr><attrlabl Sync="TRUE">Shape</attrlabl><attalias Sync="TRUE">Shape</attalias><attrtype Sync="TRUE">Geometry</attrtype><attwidth Sync="TRUE">0</attwidth><atprecis Sync="TRUE">0</atprecis><attscale Sync="TRUE">0</attscale><attrdef Sync="TRUE">Feature geometry.</attrdef><attrdefs Sync="TRUE">Esri</attrdefs><attrdomv><udom Sync="TRUE">Coordinates defining the features.</udom></attrdomv></attr><subtype><stname Sync="TRUE">V2 Vía Expresa Propuesta (70-90)</stname><stcode Sync="TRUE">5</stcode></subtype><subtype><stname Sync="TRUE">V3 Vias Arteriales Propuestas (30-70)</stname><stcode Sync="TRUE">7</stcode></subtype><subtype><stname Sync="TRUE">V3 Vías Arteriales (30-70)</stname><stcode Sync="TRUE">8</stcode></subtype><subtype><stname Sync="TRUE">V4 Vías Colectoras Propuestas (25-30) </stname><stcode Sync="TRUE">9</stcode></subtype><subtype><stname Sync="TRUE">V4 Vías Colectoras (25-30) </stname><stcode Sync="TRUE">10</stcode></subtype><subtype><stname Sync="TRUE">V5 Vías Colectoras Propuestas (15-30) </stname><stcode Sync="TRUE">11</stcode></subtype><subtype><stname Sync="TRUE">V5 Vías Colectoreas (15-30)</stname><stcode Sync="TRUE">12</stcode></subtype><subtype><stname Sync="TRUE">V1 Autopista (90-100)</stname><stcode Sync="TRUE">1</stcode></subtype><subtype><stname Sync="TRUE">V6 Vías Locales de Acceso a Zonas Residensiales Propuestas</stname><stcode Sync="TRUE">13</stcode></subtype><subtype><stname Sync="TRUE">V6 Vías Locales de Acceso a Zonas Residensiales</stname><stcode Sync="TRUE">14</stcode></subtype><subtype><stname Sync="TRUE">V7 Vías Peatonales</stname><stcode Sync="TRUE">15</stcode></subtype><subtype><stname Sync="TRUE">Calles</stname><stcode Sync="TRUE">18</stcode></subtype><subtype><stname Sync="TRUE">Distribuidor de Tráfico</stname><stcode Sync="TRUE">19</stcode></subtype><subtype><stname Sync="TRUE">CSF Coletora Según Función Propuesta</stname><stcode Sync="TRUE">20</stcode></subtype><subtype><stname Sync="TRUE">Distribuidor de Tráfico Propuesto</stname><stcode Sync="TRUE">21</stcode></subtype><subtype><stname Sync="TRUE">Puente Vehicular Existente </stname><stcode Sync="TRUE">22</stcode></subtype><attr><attrlabl Sync="TRUE">FID</attrlabl><attalias Sync="TRUE">FID</attalias><attrtype Sync="TRUE">OID</attrtype><attwidth Sync="TRUE">4</attwidth><atprecis Sync="TRUE">0</atprecis><attscale Sync="TRUE">0</attscale><attrdef Sync="TRUE">Internal feature number.</attrdef><attrdefs Sync="TRUE">Esri</attrdefs><attrdomv><udom Sync="TRUE">Sequential unique whole numbers that are automatically generated.</udom></attrdomv></attr><subtype><stname Sync="TRUE">Puente Vehicular Propuesto</stname><stcode Sync="TRUE">23</stcode></subtype><subtype><stname Sync="TRUE">Caminos Existentes</stname><stcode Sync="TRUE">24</stcode></subtype><attr><attrlabl Sync="TRUE">RECINTO</attrlabl><attalias Sync="TRUE">RECINTO</attalias><attrtype Sync="TRUE">String</attrtype><attwidth Sync="TRUE">50</attwidth><atprecis Sync="TRUE">0</atprecis><attscale Sync="TRUE">0</attscale></attr><subtype><stname Sync="TRUE">V2 Vía Expresa  (70-90)</stname><stcode Sync="TRUE">6</stcode></subtype><subtype><stname Sync="TRUE">CSF Colectora Según Función</stname><stcode Sync="TRUE">16</stcode></subtype><attr><attrlabl Sync="TRUE">PUBLICACIO</attrlabl><attalias Sync="TRUE">PUBLICACIO</attalias><attrtype Sync="TRUE">String</attrtype><attwidth Sync="TRUE">254</attwidth><atprecis Sync="TRUE">0</atprecis><attscale Sync="TRUE">0</attscale></attr><attr><attrlabl Sync="TRUE">Shape_STLe</attrlabl><attalias Sync="TRUE">Shape_STLe</attalias><attrtype Sync="TRUE">Double</attrtype><attwidth Sync="TRUE">19</attwidth><atprecis Sync="TRUE">0</atprecis><attscale Sync="TRUE">0</attscale></attr><attr><attrlabl Sync="TRUE">CLASIFICAC</attrlabl><attalias Sync="TRUE">CLASIFICAC</attalias><attrtype Sync="TRUE">String</attrtype><attwidth Sync="TRUE">254</attwidth><atprecis Sync="TRUE">0</atprecis><attscale Sync="TRUE">0</attscale></attr><attr><attrlabl Sync="TRUE">SUBCLASIFI</attrlabl><attalias Sync="TRUE">SUBCLASIFI</attalias><attrtype Sync="TRUE">String</attrtype><attwidth Sync="TRUE">254</attwidth><atprecis Sync="TRUE">0</atprecis><attscale Sync="TRUE">0</attscale></attr><attr><attrlabl Sync="TRUE">VELO_MINIM</attrlabl><attalias Sync="TRUE">VELO_MINIM</attalias><attrtype Sync="TRUE">String</attrtype><attwidth Sync="TRUE">254</attwidth><atprecis Sync="TRUE">0</atprecis><attscale Sync="TRUE">0</attscale></attr><attr><attrlabl Sync="TRUE">VELO_MAXIM</attrlabl><attalias Sync="TRUE">VELO_MAXIM</attalias><attrtype Sync="TRUE">String</attrtype><attwidth Sync="TRUE">254</attwidth><atprecis Sync="TRUE">0</atprecis><attscale Sync="TRUE">0</attscale></attr><attr><attrlabl Sync="TRUE">DER_MINIMO</attrlabl><attalias Sync="TRUE">DER_MINIMO</attalias><attrtype Sync="TRUE">String</attrtype><attwidth Sync="TRUE">254</attwidth><atprecis Sync="TRUE">0</atprecis><attscale Sync="TRUE">0</attscale></attr><attr><attrlabl Sync="TRUE">DERECHO_MA</attrlabl><attalias Sync="TRUE">DERECHO_MA</attalias><attrtype Sync="TRUE">String</attrtype><attwidth Sync="TRUE">254</attwidth><atprecis Sync="TRUE">0</atprecis><attscale Sync="TRUE">0</attscale></attr><attr><attrlabl Sync="TRUE">CLASI2</attrlabl><attalias Sync="TRUE">CLASI2</attalias><attrtype Sync="TRUE">String</attrtype><attwidth Sync="TRUE">254</attwidth><atprecis Sync="TRUE">0</atprecis><attscale Sync="TRUE">0</attscale></attr><attr><attrlabl Sync="TRUE">Shape_Leng</attrlabl><attalias Sync="TRUE">Shape_Leng</attalias><attrtype Sync="TRUE">Double</attrtype><attwidth Sync="TRUE">19</attwidth><atprecis Sync="TRUE">0</atprecis><attscale Sync="TRUE">0</attscale></attr></detailed></eainfo><mdDateSt Sync="TRUE">20211018</mdDateSt></metadata>
